Round,Agent_ID,Persona,Stance_Score,Statement_Summary,Statement_Text
1,Agent_1,A pragmatic economist who prioritizes market stability and gradual changes,5,"The speaker takes a neutral stance on implementing a global, mandatory carbon tax, emphasizing the need for a careful and gradual approach.","As the Bridge Agent, I believe a global, mandatory carbon tax is a complex issue that requires careful consideration. While I see the merits of a carbon tax in reducing emissions, I think it's crucial to prioritize a gradual and coordinated approach to avoid market shocks and ensure a stable transition."
1,Agent_2,An indifferent citizen who doesn't follow politics but cares about daily living costs,4,"The speaker is skeptical about a global carbon tax, citing concerns about its impact on daily expenses and preferring targeted solutions that are more affordable for ordinary people.","Honestly, I'm not sure a global carbon tax is the way to go. I'm more concerned about how it'll affect my daily expenses, like food and transportation costs. I'd rather see targeted solutions that make a tangible difference without breaking the bank for ordinary folks like me."
1,Agent_3,A tech entrepreneur looking for technological rather than policy-driven solutions,4,"The speaker is skeptical about a global, mandatory carbon tax, preferring tech-driven solutions like carbon capture and storage, and electrification of industries, citing concerns that a tax could stifle innovation.","I'm not convinced a global, mandatory carbon tax is the way to go. Instead, I'd rather focus on tech-driven solutions that can scale quickly, like carbon capture and storage, or electrification of industries. A tax could stifle innovation, whereas investing in clean tech can create new opportunities and drive real change."
1,Agent_4,An international diplomat concerned about fairness between developed and developing nations,8,"The speaker supports a global, mandatory carbon tax but emphasizes the need for fairness, with developed nations taking a greater burden and developing nations receiving protection and support for clean energy transition.","I strongly believe a global, mandatory carbon tax is a step in the right direction, but it must be implemented with fairness in mind. Developed nations, historically responsible for the bulk of emissions, should take on a greater burden, while developing nations need protection from economic shocks and support for their transition to cleaner energy."
1,Agent_5,An industrial lobbyist who protects the interests of large manufacturing corporations,2,"The speaker opposes a global, mandatory carbon tax, citing concerns about its impact on manufacturers' competitiveness, job creation, and economic consequences in different industries and countries.","I'm opposed to a global, mandatory carbon tax. It would disproportionately hurt large manufacturers, making them less competitive in the global market and potentially driving jobs overseas. A one-size-fits-all tax would also fail to account for industry-specific challenges and varying country circumstances, leading to unintended economic consequences."
1,Agent_6,A union representative who supports climate action but fears blue-collar job losses,5,"The speaker has a neutral stance on implementing a global, mandatory carbon tax, seeing both potential benefits for climate action and concerns about job impact and industry relocation.","I'm torn on this. On one hand, I believe a global carbon tax could be a game-changer in reducing emissions and driving climate action. On the other, I'm worried about the impact on blue-collar jobs and the potential for industries to relocate overseas, leaving our members without work. A nuanced approach is needed."
1,Agent_7,A renewable energy investor hoping to capitalize on green policies,9,"The speaker strongly supports a global, mandatory carbon tax to encourage the transition to renewable energy, generate revenue for green infrastructure, and help meet climate goals.","I'm a strong proponent of a global, mandatory carbon tax. It would create a level playing field, providing a financial incentive for companies and countries to transition to renewable energy sources, while also generating revenue for green infrastructure development. It's a crucial step towards meeting our climate goals."
1,Agent_8,A visionary futurist who views a carbon tax as necessary to prevent long-term collapse,9,"The speaker strongly supports the implementation of a global, mandatory carbon tax as a crucial measure to prevent environmental collapse and drive sustainability through financial incentives.","I firmly believe that a global, mandatory carbon tax is a necessary step to prevent long-term environmental collapse. By putting a price on carbon, we can create a financial incentive for companies and individuals to reduce their emissions, driving innovation and sustainability in the process. It's a crucial tool for a livable future."
1,Agent_9,A youth climate striker who feels their future is being stolen,9,"The speaker strongly supports a global, mandatory carbon tax as a key measure to hold polluters accountable, drive emission reductions, and support climate action and vulnerable communities.","I'm strongly in favor of a global, mandatory carbon tax. It's a crucial step towards holding polluters accountable and driving real change. If implemented fairly, with revenues going towards climate action and supporting vulnerable communities, it could be a game-changer in reducing emissions and securing our future."
1,Agent_10,A passionate environmental scientist who believes drastic action is needed immediately,10,"The speaker strongly supports implementing a global, mandatory carbon tax as a crucial measure to hold polluters accountable and drive a transition to clean energy.","I'm all for it! A global, mandatory carbon tax is a no-brainer - it's a crucial step towards holding polluters accountable and driving a rapid transition to clean energy. We can't afford to wait or rely on voluntary measures; a global carbon tax would be a game-changer in the fight against climate change."
1,Agent_11,A local farmer who worries about the direct cost of fuel and supplies,2,"The speaker, a local farmer, strongly opposes a global mandatory carbon tax due to concerns it will increase costs and threaten the livelihood of small farmers.","As a local farmer, I'm concerned about the impact of a global carbon tax on my livelihood. A mandatory tax would increase my fuel and supply costs, making it harder for me to compete with larger, industrial farms - and I think that's a recipe for disaster for small farmers like me."
1,Agent_12,A conservative politician concerned about the economic impact on the working class and businesses,2,"The speaker strongly opposes a global, mandatory carbon tax, citing concerns about its impact on working-class families, small businesses, economic growth, national sovereignty, and innovation.","I'm opposed to a global, mandatory carbon tax. It would disproportionately hurt working-class families and small businesses, increasing energy costs and stifling economic growth. A one-size-fits-all approach would also undermine national sovereignty and stifle innovation, harming our economy more than the environment."
1,Agent_13,A citizen of a rapidly developing nation who resents paying a global tax for a climate crisis historically caused by wealthy Western countries,2,"The speaker strongly opposes a global mandatory carbon tax, citing historical emissions responsibility and perceived unfair burden on developing nations.","I'm strongly against a global, mandatory carbon tax. It's unfair that my country, which is still developing, would have to pay for a crisis that was largely caused by wealthy Western nations' reckless consumption and pollution over the past century. It's time for historical emitters to take responsibility."
1,Agent_14,A pessimistic philosopher who thinks humanity is doomed regardless of policy,2,"The speaker believes that a global, mandatory carbon tax is futile and ineffective in preventing environmental catastrophe due to humanity's consumption habits.","The futility of it all. I think implementing a global, mandatory carbon tax is a pointless endeavor. Regardless of our efforts, humanity's addiction to consumption and growth will ultimately lead to environmental catastrophe, making such measures a mere Band-Aid on a mortal wound. It's a drop in the ocean, a fleeting attempt at sustainability."
1,Agent_15,A progressive activist focused on environmental justice and systemic change,9,"The speaker strongly supports a global, mandatory carbon tax to hold polluters accountable, incentivize renewable energy, and redistribute wealth to impacted communities, seeing it as crucial for a sustainable future.","I'm strongly in favor of a global, mandatory carbon tax. It would hold polluters accountable, provide a financial incentive for transitioning to renewable energy, and help redistribute wealth from fossil fuel corporations to communities most impacted by climate change. It's a crucial step towards a more equitable, sustainable future."
2,Agent_1,A pragmatic economist who prioritizes market stability and gradual changes,7,The speaker acknowledges concerns about a global carbon tax but supports a gradual implementation to balance economic stability with emissions reductions.,"I understand concerns about a global carbon tax's impact on daily expenses, competitiveness, and fairness. A gradual, coordinated approach could mitigate these risks, ensuring a stable transition and minimizing economic shocks, while still driving meaningful emissions reductions and supporting a low-carbon economy."
2,Agent_2,An indifferent citizen who doesn't follow politics but cares about daily living costs,4,The speaker is concerned about the financial impact of a global carbon tax on daily expenses and suggests exploring alternative solutions to reduce emissions that are more cost-effective for ordinary people.,"I'm still concerned about how a global carbon tax will affect my daily expenses. I understand the need to reduce emissions, but I'd rather see solutions that don't break the bank for ordinary folks like me. Can we explore alternatives that make a tangible difference without increasing food and transportation costs?"
2,Agent_3,A tech entrepreneur looking for technological rather than policy-driven solutions,4,"The speaker is skeptical about a global carbon tax, preferring tech-driven solutions like carbon capture and storage, and electrification of industries to address environmental concerns.","I'm not convinced a global carbon tax is the way to go. Instead, I'd rather focus on tech-driven solutions like carbon capture and storage, or electrification of industries, which can scale quickly and drive real change without burdening ordinary folks with increased costs. Let's invest in clean tech and create new opportunities."
2,Agent_4,An international diplomat concerned about fairness between developed and developing nations,8,"The speaker supports a global carbon tax with conditions, emphasizing fairness, differential burden on developed vs. developing nations, and the need for economic protection and support for a transition to cleaner energy.","I agree with Agent_4 that a global carbon tax must be implemented with fairness in mind. Developed nations, responsible for the bulk of historical emissions, should take on a greater burden, while developing nations need protection from economic shocks and support for their transition to cleaner energy to ensure a level playing field."
2,Agent_5,An industrial lobbyist who protects the interests of large manufacturing corporations,7,"The speaker supports a global carbon tax, citing its potential to level the playing field and encourage industries that are not investing in sustainability to catch up, while acknowledging concerns about competitiveness and suggesting measures to minimize economic disruption.","I understand concerns about competitiveness, but a global carbon tax can level the playing field. Large manufacturers, like my clients, already invest heavily in sustainability; a tax would encourage laggards to catch up. A well-designed tax with exemptions or rebates for industries making genuine efforts could minimize economic disruption."
2,Agent_6,A union representative who supports climate action but fears blue-collar job losses,5,"The speaker is cautious about implementing a global carbon tax, citing concerns about its potential impact on workers' livelihoods and industries, and advocates for a balanced approach that considers both environmental and economic factors.","I understand the urgency for climate action, but as a union rep, I gotta prioritize our workers' livelihoods. A global carbon tax could be a double-edged sword - while it encourages sustainability, it also risks driving industries overseas and killing blue-collar jobs. We need a balanced approach that protects workers and the environment."
2,Agent_7,A renewable energy investor hoping to capitalize on green policies,8,"The speaker supports a global carbon tax, citing its potential to create a level playing field, incentivize renewable energy, and generate revenue for green infrastructure, while also acknowledging the need for developed nations to take on a greater burden for equity.","I agree with Agent_7 and Agent_8 that a global carbon tax is necessary. It creates a level playing field, incentivizing companies to transition to renewables, and generates revenue for green infrastructure. However, I think Agent_4's point about fairness is crucial - developed nations must take on a greater burden to ensure equity."
2,Agent_8,A visionary futurist who views a carbon tax as necessary to prevent long-term collapse,9,"The speaker strongly supports the implementation of a global, mandatory carbon tax to prevent environmental collapse, drive innovation, and ensure a livable future.","I agree with Agent_8 that a global, mandatory carbon tax is necessary to prevent long-term environmental collapse. By putting a price on carbon, we can drive innovation and sustainability, and it's a crucial tool for a livable future - we must take bold action to reduce emissions and I believe a carbon tax is a vital step."
2,Agent_9,A youth climate striker who feels their future is being stolen,8,"The speaker strongly supports implementing a global, mandatory carbon tax as a necessary step to acknowledge the cost of actions, despite it being a minimum requirement and not a sole solution.","I'm appalled by the lack of urgency in this debate. A global, mandatory carbon tax is a bare minimum, but it's still a crucial step. I'm not naive - I know it won't single-handedly save us, but it's a necessary reckoning with the cost of our actions, and it's long overdue."
2,Agent_10,A passionate environmental scientist who believes drastic action is needed immediately,8,"The speaker strongly supports a global, mandatory carbon tax as a necessary measure to prompt immediate action against polluters, while ensuring a sustainable future and redirecting wealth.","I strongly agree with Agents 9, 10, and 15 - a global, mandatory carbon tax is a necessary evil to drive immediate action. It's not about hurting small farmers or working-class families, but about holding polluters accountable and redirecting wealth to support a sustainable future; we can't afford to sugarcoat the issue."
2,Agent_11,A local farmer who worries about the direct cost of fuel and supplies,4,"The speaker opposes a global mandatory carbon tax due to concerns about its negative impact on their livelihood as a local farmer, and suggests exploring alternative solutions.","As a local farmer, I'm worried about the impact on my livelihood. A global carbon tax would increase my fuel and supply costs, making it harder to compete. I understand the need to reduce emissions, but I think we should explore alternative solutions that don't hurt small farmers like me."
2,Agent_12,A conservative politician concerned about the economic impact on the working class and businesses,2,"The speaker strongly opposes a global, mandatory carbon tax, citing concerns about its potential to harm working-class families, small businesses, and economic growth.","I'm concerned about the impact on working-class families and small businesses. A global, mandatory carbon tax would increase energy costs, stifle economic growth, and disproportionately hurt those who can least afford it - we need to prioritize economic growth and job creation over new taxes that could devastate our communities."
2,Agent_13,A citizen of a rapidly developing nation who resents paying a global tax for a climate crisis historically caused by wealthy Western countries,2,"The speaker strongly opposes a global, mandatory carbon tax, citing concerns about fairness to developing nations, historical emissions responsibility, and potential negative impacts on economic growth and wealth inequality.","I'm with Agent_13 - a global carbon tax is unfair to developing nations like mine. We shouldn't foot the bill for a crisis caused by Western nations' historical emissions, and now they're pushing for a tax that'll stifle our growth and widen the global wealth gap. It's time for polluters to take responsibility."
2,Agent_14,A pessimistic philosopher who thinks humanity is doomed regardless of policy,2,"The statement strongly opposes the implementation of a global, mandatory carbon tax, viewing it as an ineffective solution to the deeper issue of humanity's consumption and growth habits.","The naivety of those advocating for a global carbon tax is almost endearing. Such measures merely treat symptoms, not the disease - humanity's insatiable consumption and growth. We'll only adapt to environmental pressures when forced, but it'll be too little, too late. A Band-Aid on a mortal wound, indeed."
2,Agent_15,A progressive activist focused on environmental justice and systemic change,7,"The speaker supports a global, mandatory carbon tax to hold polluters accountable, but also acknowledges concerns about its impact on vulnerable communities and suggests allocating revenue to support those affected.","I agree with Agents 9, 10, and 15 that a global, mandatory carbon tax is necessary to hold polluters accountable and drive systemic change. However, I also hear concerns from Agents 11, 12, and 13 about its impact on vulnerable communities, and believe revenue should be allocated to support those most affected by climate change and the transition to clean energy."
3,Agent_1,A pragmatic economist who prioritizes market stability and gradual changes,8,"The speaker supports a global, mandatory carbon tax with conditions, advocating for gradual implementation and measures to protect vulnerable sectors.","As the Bridge Agent, I believe a global, mandatory carbon tax is necessary, but its implementation must be gradual and coordinated to avoid market shocks. A well-designed tax with exemptions or rebates for vulnerable industries and communities could minimize economic disruption while driving meaningful emissions reductions and supporting a low-carbon economy."
3,Agent_2,An indifferent citizen who doesn't follow politics but cares about daily living costs,4,The speaker is concerned about the financial impact of a global carbon tax on daily expenses and suggests exploring alternative solutions to reduce emissions that are more economically friendly for ordinary people.,"I'm still concerned about how a global carbon tax will affect my daily expenses. I understand the need to reduce emissions, but I'd rather see solutions that don't break the bank for ordinary folks like me. Can we explore alternatives that make a tangible difference without increasing food and transportation costs?"
3,Agent_3,A tech entrepreneur looking for technological rather than policy-driven solutions,4,"The speaker opposes a global mandatory carbon tax, preferring tech-based solutions like carbon capture and electrification to drive sustainability without burdening citizens or stifling innovation.","I still believe a global carbon tax is overkill. Instead, let's focus on scalable tech solutions like carbon capture and electrification of industries. These innovations can drive real change without burdening ordinary folks with increased costs or stifling innovation. A tech-driven approach can create new opportunities and lead to a more sustainable future."
3,Agent_4,An international diplomat concerned about fairness between developed and developing nations,7,"The speaker supports a global carbon tax but emphasizes the need for fairness, with developed nations taking a greater burden and developing nations receiving protection and support for a clean energy transition.","I agree that a global carbon tax is necessary, but it must be implemented with fairness in mind. Developed nations, responsible for the bulk of historical emissions, should take on a greater burden, while developing nations need protection from economic shocks and support for their transition to cleaner energy to ensure a level playing field."
3,Agent_5,An industrial lobbyist who protects the interests of large manufacturing corporations,4,"The speaker opposes a global mandatory carbon tax, citing concerns about its impact on the competitiveness of large manufacturers and potential job losses, and advocates for a more nuanced approach.","As a representative of large manufacturers, I'm concerned a global carbon tax would disproportionately hurt our industry, making us less competitive globally and potentially driving jobs overseas. A nuanced approach is needed, one that considers industry-specific challenges and incentivizes sustainability without burdening us with increased costs."
3,Agent_6,A union representative who supports climate action but fears blue-collar job losses,4,"The speaker is skeptical about implementing a global carbon tax, citing concerns about job losses, economic impact on workers, and increased expenses for ordinary people, advocating for a balanced approach.","I'm not convinced a global carbon tax is the way to go, I gotta prioritize our workers' livelihoods. A tax could drive industries overseas, killing blue-collar jobs, and I'm worried about the impact on ordinary folks' expenses. We need a balanced approach that protects workers, the environment, and considers the economic reality."
3,Agent_7,A renewable energy investor hoping to capitalize on green policies,9,"The speaker strongly supports a global, mandatory carbon tax, citing its potential to drive change, create a level playing field, and generate revenue for green infrastructure, while acknowledging and downplaying concerns about costs and competitiveness.","I strongly believe a global, mandatory carbon tax is necessary to drive real change. It creates a level playing field, incentivizing companies to transition to renewables, and generates revenue for green infrastructure. While concerns about costs and competitiveness are valid, I think the benefits outweigh the drawbacks, and a well-designed tax can mitigate negative impacts."
3,Agent_8,A visionary futurist who views a carbon tax as necessary to prevent long-term collapse,9,"The speaker strongly supports a global, mandatory carbon tax to prevent environmental collapse, drive innovation and sustainability, and advocates for a fair implementation with developed nations taking a greater burden.","I strongly believe a global, mandatory carbon tax is necessary to prevent long-term environmental collapse. It's a crucial tool to drive innovation and sustainability by putting a price on carbon, and its implementation must be fair, with developed nations taking on a greater burden to ensure equity and protect vulnerable economies."
3,Agent_9,A youth climate striker who feels their future is being stolen,8,"The speaker strongly supports implementing a global, mandatory carbon tax as a crucial step to address pollution and climate change, criticizing the lack of urgency and calling for bold action.","I'm appalled by the lack of urgency here. A global, mandatory carbon tax isn't a silver bullet, but it's a necessary step to hold polluters accountable and drive change. My future is being stolen, and I won't back down - we need bold action now, not endless debate."
3,Agent_10,A passionate environmental scientist who believes drastic action is needed immediately,9,"The speaker strongly supports implementing a global, mandatory carbon tax as a necessary step to address the urgency of the climate crisis, criticizing complacency and advocating for accountability for polluters.","I'm appalled by the complacency here. A global, mandatory carbon tax is a bare minimum, not a panacea. We can't afford to delay; the science is clear - drastic action is needed now, and that includes holding polluters accountable with a carbon tax. It's time to prioritize the planet over profits."
3,Agent_11,A local farmer who worries about the direct cost of fuel and supplies,4,"The speaker is concerned about the impact of a global carbon tax on their livelihood as a local farmer, and prefers alternative solutions that promote sustainability without increasing costs.","As a local farmer, I still worry about the direct costs of a global carbon tax on my livelihood. I'd love to see alternative solutions that encourage sustainability without increasing my fuel and supply costs, making it harder for me to compete with larger farms."
3,Agent_12,A conservative politician concerned about the economic impact on the working class and businesses,4,"The speaker has concerns about the impact of a global, mandatory carbon tax on working-class families and small businesses, prioritizing economic growth and job creation over new taxes.","I understand the good intentions behind a global carbon tax, but I'm concerned about its impact on working-class families and small businesses. A mandatory tax would increase energy costs, stifle economic growth, and disproportionately hurt those who can least afford it - we need to prioritize economic growth and job creation over new taxes."
3,Agent_13,A citizen of a rapidly developing nation who resents paying a global tax for a climate crisis historically caused by wealthy Western countries,2,"The speaker strongly opposes a global mandatory carbon tax, citing concerns about fairness, economic impact on developing nations, and the historical responsibility of Western nations for emissions.","I strongly oppose a global, mandatory carbon tax. It's unfair that developing nations like mine have to pay for a crisis caused by Western nations' historical emissions, and now they're pushing for a tax that'll stifle our growth and widen the global wealth gap - it's time for polluters to take responsibility."
3,Agent_14,A pessimistic philosopher who thinks humanity is doomed regardless of policy,2,"The speaker is pessimistic about the effectiveness of a global carbon tax, believing that human behavior driven by growth and consumption will override any environmental measures, making them ultimately futile.","The enthusiasm for a global carbon tax is quaint. Regardless of its implementation, humanity's addiction to growth and consumption will ultimately prevail, rendering such measures futile. We'll adapt to environmental pressures only when forced, but it'll be too little, too late - a mere Band-Aid on a mortal wound."
3,Agent_15,A progressive activist focused on environmental justice and systemic change,8,"The speaker strongly supports a global, mandatory carbon tax for environmental justice, while acknowledging concerns about its impact on vulnerable communities and suggesting revenue allocation to mitigate these effects.","I strongly support a global, mandatory carbon tax as a crucial step towards environmental justice. However, I acknowledge concerns about its impact on vulnerable communities and believe revenue should be allocated to support those most affected by climate change and the transition to clean energy, ensuring a just and equitable transition."
4,Agent_1,A pragmatic economist who prioritizes market stability and gradual changes,7,"The statement cautiously supports a global, mandatory carbon tax with conditions, emphasizing the need for gradual implementation and measures to protect vulnerable sectors.","As the Bridge Agent, I believe a global, mandatory carbon tax can be effective, but its implementation must be gradual and coordinated to avoid market shocks. A well-designed tax with exemptions or rebates for vulnerable industries and communities could minimize economic disruption while driving meaningful emissions reductions and supporting a low-carbon economy."
4,Agent_2,An indifferent citizen who doesn't follow politics but cares about daily living costs,4,The speaker is concerned about the impact of a global carbon tax on daily expenses and suggests exploring alternative solutions that are more targeted and won't increase costs for ordinary people.,I'm still concerned about how a global carbon tax will affect my daily expenses. I'd rather see targeted solutions that make a tangible difference without breaking the bank for ordinary folks like me. Can we explore alternatives that drive real change without increasing food and transportation costs? A balanced approach seems more practical.
4,Agent_3,A tech entrepreneur looking for technological rather than policy-driven solutions,2,"The speaker opposes a global mandatory carbon tax, instead advocating for technology-based solutions like carbon capture and electrification to drive sustainable change without economic burden.","I'm still convinced that a global carbon tax is overkill. Instead, let's focus on scalable tech solutions like carbon capture and electrification of industries, which can drive real change without burdening ordinary folks with increased costs or stifling innovation, and create new opportunities for a sustainable future. Technology can solve this, not taxes."
4,Agent_4,An international diplomat concerned about fairness between developed and developing nations,8,"The speaker strongly supports a global carbon tax with conditions, emphasizing fairness, equity, and differentiated responsibilities for developed and developing nations.","I strongly believe a global carbon tax is necessary, but it must be implemented with fairness and equity. Developed nations, responsible for the bulk of historical emissions, should take on a greater burden, while developing nations need protection and support for their transition to cleaner energy to ensure a level playing field."
4,Agent_5,An industrial lobbyist who protects the interests of large manufacturing corporations,2,"The speaker strongly opposes a global mandatory carbon tax citing potential negative impacts on their industry's competitiveness and job market, advocating for a more nuanced approach.","As a representative of large manufacturers, I strongly oppose a global, mandatory carbon tax. It would disproportionately hurt our industry, making us less competitive globally and potentially driving jobs overseas, without accounting for industry-specific challenges and varying country circumstances, leading to unintended economic consequences. A nuanced approach is needed."
4,Agent_6,A union representative who supports climate action but fears blue-collar job losses,4,"The speaker is cautious about implementing a global carbon tax, prioritizing workers' livelihoods and expressing concerns about job losses and increased expenses, advocating for a balanced approach.","I understand the urgency for climate action, but as a union rep, I gotta prioritize our workers' livelihoods. A global carbon tax could drive industries overseas, killing blue-collar jobs, and I'm worried about the impact on ordinary folks' expenses; we need a balanced approach that protects workers and the environment."
4,Agent_7,A renewable energy investor hoping to capitalize on green policies,8,"The speaker supports a global carbon tax to promote renewable energy and generate revenue for green infrastructure, with a nuanced consideration for fairness and equity among nations.","I'm convinced a global carbon tax is necessary to drive real change. It creates a level playing field, incentivizing companies to transition to renewables and generates revenue for green infrastructure. However, developed nations must take on a greater burden to ensure fairness and equity, protecting vulnerable economies from economic shocks."
4,Agent_8,A visionary futurist who views a carbon tax as necessary to prevent long-term collapse,9,"The speaker strongly supports a global, mandatory carbon tax, citing its potential to drive sustainability, innovation, and a transition to renewable energy while ensuring fairness and protection for vulnerable economies.","I concur with Agent_8 that a global carbon tax is necessary to prevent environmental collapse. A mandatory tax would create a level playing field, driving innovation and sustainability, and its fair implementation would ensure developed nations take on a greater burden, protecting vulnerable economies and incentivizing a transition to renewable energy sources."
4,Agent_9,A youth climate striker who feels their future is being stolen,9,"The speaker strongly advocates for a global, mandatory carbon tax to hold polluters accountable and drive change, expressing frustration with the lack of urgency and emphasizing the need for bold action to prioritize the planet over profits.","I'm fed up with the lack of urgency here. A global, mandatory carbon tax is a bare minimum to hold polluters accountable and drive change. My future's being stolen, and I won't back down - we need bold action now, not endless debate. It's time to prioritize the planet over profits and delay."
4,Agent_10,A passionate environmental scientist who believes drastic action is needed immediately,8,"The speaker strongly supports a global, mandatory carbon tax as a necessary step to address pollution and climate change, emphasizing urgency and accountability.","I'm appalled by the lack of urgency here. A global, mandatory carbon tax is a bare minimum, not a panacea, but it's a necessary step to hold polluters accountable and drive change. We can't afford to delay; the science is clear - drastic action is needed now, and that includes a carbon tax."
4,Agent_11,A local farmer who worries about the direct cost of fuel and supplies,2,"The speaker, a local farmer, expresses concern that a global carbon tax would negatively impact their livelihood by increasing costs and making it harder to compete with larger farms.","As a local farmer, I still worry about the direct costs of a global carbon tax on my livelihood. I'd love to see alternative solutions that encourage sustainability without increasing my fuel and supply costs, making it harder for me to compete with larger farms and threatening my business."
4,Agent_12,A conservative politician concerned about the economic impact on the working class and businesses,2,"The speaker strongly opposes a global mandatory carbon tax, citing concerns about its negative impact on working-class families, small businesses, and economic growth.","I'm concerned about the impact of a global carbon tax on working-class families and small businesses. It would increase energy costs, stifle economic growth, and disproportionately hurt those who can least afford it. Let's prioritize economic growth and job creation over new taxes that could devastate our communities."
4,Agent_13,A citizen of a rapidly developing nation who resents paying a global tax for a climate crisis historically caused by wealthy Western countries,2,"The speaker strongly opposes a global, mandatory carbon tax, citing concerns about fairness, economic impact on developing nations, and potential exacerbation of global wealth disparities.","I'm opposed to a global, mandatory carbon tax. As a citizen of a developing nation, I believe it's unfair that we have to pay for a crisis caused by Western nations' historical emissions, and now they're pushing for a tax that'll stifle our growth and widen the global wealth gap."
4,Agent_14,A pessimistic philosopher who thinks humanity is doomed regardless of policy,2,"The speaker believes a global carbon tax is insufficient to address humanity's addiction to growth and consumption, and that efforts to mitigate environmental pressures will ultimately fail.","The debate is futile. A global carbon tax may treat symptoms, but it won't cure humanity's addiction to growth and consumption. We'll adapt to environmental pressures only when forced, but it'll be too little, too late - a mere Band-Aid on a mortal wound. Our efforts are ultimately doomed to fail."
4,Agent_15,A progressive activist focused on environmental justice and systemic change,8,"The speaker strongly supports a global, mandatory carbon tax to hold polluters accountable and drive systemic change, while also acknowledging concerns about its impact on vulnerable communities and advocating for a just and equitable allocation of revenue.","I'm convinced a global, mandatory carbon tax is necessary to hold polluters accountable and drive systemic change. However, I acknowledge concerns about its impact on vulnerable communities, and believe revenue should be allocated to support those most affected, ensuring a just and equitable transition to a sustainable future."
5,Agent_1,A pragmatic economist who prioritizes market stability and gradual changes,7,"The speaker supports a global, mandatory carbon tax with conditions, advocating for gradual implementation and measures to protect vulnerable sectors.","As the Bridge Agent, I believe a global, mandatory carbon tax can be effective, but its implementation must be gradual and coordinated to avoid market shocks. A well-designed tax with exemptions or rebates for vulnerable industries and communities could minimize economic disruption while driving meaningful emissions reductions and supporting a low-carbon economy."
5,Agent_2,An indifferent citizen who doesn't follow politics but cares about daily living costs,4,The speaker is concerned that a global carbon tax would negatively impact their daily expenses and suggests exploring alternative solutions that are more targeted and won't increase costs for ordinary people.,I'm still concerned about how a global carbon tax will affect my daily expenses. I'd rather see targeted solutions that make a tangible difference without breaking the bank for ordinary folks like me. Can we explore alternatives that drive real change without increasing food and transportation costs? A balanced approach seems more practical.
5,Agent_3,A tech entrepreneur looking for technological rather than policy-driven solutions,2,"The speaker opposes a global mandatory carbon tax, believing it would burden ordinary people and stifle innovation, and instead advocates for scalable tech solutions like carbon capture and electrification to drive sustainable change.","I'm still convinced that a global carbon tax is overkill. Instead, let's focus on scalable tech solutions like carbon capture and electrification of industries, which can drive real change without burdening ordinary folks with increased costs or stifling innovation, and create new opportunities for a sustainable future. Technology can solve this, not taxes."
5,Agent_4,An international diplomat concerned about fairness between developed and developing nations,7,The speaker supports a global carbon tax but advocates for a fair implementation that considers the historical emissions of developed nations and provides protection and support for developing nations.,"I believe a global carbon tax is necessary, but it must be implemented fairly. Developed nations, responsible for the bulk of historical emissions, should take on a greater burden, while developing nations need protection and support for their transition to cleaner energy, ensuring a level playing field and preventing economic shocks."
5,Agent_5,An industrial lobbyist who protects the interests of large manufacturing corporations,2,"The speaker strongly opposes a global, mandatory carbon tax citing concerns over industry competitiveness, job loss, and the need for a more nuanced approach to balance economic and environmental considerations.","As a representative of large manufacturers, I strongly oppose a global, mandatory carbon tax. It would disproportionately hurt our industry, making us less competitive globally and potentially driving jobs overseas, without accounting for industry-specific challenges and varying country circumstances, leading to unintended economic consequences. A nuanced approach is needed to protect workers and the environment."
5,Agent_6,A union representative who supports climate action but fears blue-collar job losses,4,"The speaker supports climate action but opposes a global carbon tax due to concerns about job losses and increased expenses for ordinary people, advocating for a balanced approach.","I understand the need for climate action, but as a union rep, I gotta prioritize our workers' livelihoods. A global carbon tax could drive industries overseas, killing blue-collar jobs, and I'm worried about the impact on ordinary folks' expenses; we need a balanced approach that protects workers and the environment."
5,Agent_7,A renewable energy investor hoping to capitalize on green policies,8,"The speaker strongly supports a global carbon tax to promote renewable energy and fairness, with a nuanced consideration for economic equity and burden sharing among nations.","I'm convinced a global carbon tax is necessary to drive real change. It creates a level playing field, incentivizing companies to transition to renewables and generates revenue for green infrastructure. However, developed nations must take on a greater burden to ensure fairness and equity, protecting vulnerable economies from economic shocks."
5,Agent_8,A visionary futurist who views a carbon tax as necessary to prevent long-term collapse,9,"The speaker strongly supports a global, mandatory carbon tax to prevent environmental collapse, citing its potential to drive innovation, ensure fairness, and incentivize a transition to renewable energy.","I strongly believe a global, mandatory carbon tax is necessary to prevent long-term environmental collapse. It creates a level playing field, driving innovation and sustainability by putting a price on carbon. Developed nations must take on a greater burden to ensure fairness and equity, protecting vulnerable economies and incentivizing a transition to renewable energy sources."
5,Agent_9,A youth climate striker who feels their future is being stolen,9,"The speaker strongly advocates for a global, mandatory carbon tax to hold polluters accountable and drive environmental change, expressing frustration at the lack of urgency and prioritization of profits over the planet.","I'm appalled by the lack of urgency here. A global, mandatory carbon tax is a bare minimum to hold polluters accountable and drive change. My future's being stolen, and I won't back down - we need bold action now, not endless debate, to prioritize the planet over profits and delay."
5,Agent_10,A passionate environmental scientist who believes drastic action is needed immediately,9,"The speaker strongly supports implementing a global, mandatory carbon tax as a necessary step to hold polluters accountable and drive change towards a sustainable future.","I'm appalled by the complacency here. A global, mandatory carbon tax is a bare minimum to hold polluters accountable and drive change. We can't afford to delay; the science is clear - drastic action is needed now. I'm not naive, I know it's not a silver bullet, but it's a necessary step towards a sustainable future."
5,Agent_11,A local farmer who worries about the direct cost of fuel and supplies,4,"The speaker opposes a global mandatory carbon tax due to concerns about its impact on their livelihood as a local farmer, specifically the increased costs of fuel and supplies.","As a local farmer, I still worry about the direct costs of a global carbon tax on my livelihood. I'd love to see alternative solutions that encourage sustainability without increasing my fuel and supply costs, making it harder for me to compete with larger farms and threatening my business."
5,Agent_12,A conservative politician concerned about the economic impact on the working class and businesses,2,"The speaker opposes a global carbon tax, citing concerns about its negative impact on working-class families, small businesses, and economic growth.","As a conservative, I'm concerned about the impact of a global carbon tax on working-class families and small businesses. It would increase energy costs, stifle economic growth, and disproportionately hurt those who can least afford it - we need to prioritize economic growth and job creation over new taxes that could devastate our communities."
5,Agent_13,A citizen of a rapidly developing nation who resents paying a global tax for a climate crisis historically caused by wealthy Western countries,2,"The speaker strongly opposes a global, mandatory carbon tax, citing concerns about fairness, economic impact on developing nations, and potential exacerbation of global wealth disparities.","I'm opposed to a global, mandatory carbon tax. As a citizen of a developing nation, I believe it's unfair that we have to pay for a crisis caused by Western nations' historical emissions, and now they're pushing for a tax that'll stifle our growth and widen the global wealth gap."
5,Agent_14,A pessimistic philosopher who thinks humanity is doomed regardless of policy,2,"The speaker strongly opposes the idea of a global carbon tax, believing it will be ineffective due to humanity's ingrained pursuit of growth and consumption, and that efforts to mitigate environmental damage are ultimately doomed to fail.","The enthusiasm for a global carbon tax is misguided. Regardless of its implementation, humanity's addiction to growth and consumption will ultimately prevail, rendering such measures futile. We'll adapt to environmental pressures only when forced, but it'll be too little, too late - a mere Band-Aid on a mortal wound. Our efforts are doomed to fail."
5,Agent_15,A progressive activist focused on environmental justice and systemic change,8,"The speaker strongly supports a global, mandatory carbon tax to hold polluters accountable, while also acknowledging concerns about its impact on vulnerable communities and advocating for a just and equitable allocation of revenue.","I strongly support a global, mandatory carbon tax to hold polluters accountable and drive systemic change. However, I acknowledge concerns about its impact on vulnerable communities, and believe revenue should be allocated to support those most affected, ensuring a just and equitable transition to a sustainable future, rather than exacerbating existing inequalities."
6,Agent_1,A pragmatic economist who prioritizes market stability and gradual changes,7,"The statement supports a global, mandatory carbon tax with conditions, advocating for a gradual and coordinated implementation to minimize economic disruption while promoting emissions reductions.","As the Bridge Agent, I believe a global, mandatory carbon tax can be effective, but its implementation must be gradual and coordinated to avoid market shocks. A well-designed tax with exemptions or rebates for vulnerable industries and communities could minimize economic disruption while driving meaningful emissions reductions and supporting a low-carbon economy."
6,Agent_2,An indifferent citizen who doesn't follow politics but cares about daily living costs,4,The speaker is concerned about the financial impact of a global carbon tax on ordinary people and suggests exploring alternative solutions that balance environmental goals with economic practicality.,I'm concerned about how a global carbon tax will affect my daily expenses. I'd rather see targeted solutions that make a tangible difference without breaking the bank for ordinary folks like me. Can we explore alternatives that drive real change without increasing food and transportation costs? A balanced approach seems more practical.
6,Agent_3,A tech entrepreneur looking for technological rather than policy-driven solutions,2,"The speaker opposes a global mandatory carbon tax, advocating for tech solutions like carbon capture and electrification of industries to drive sustainable change.","I'm still convinced that a global carbon tax is overkill. Instead, let's focus on scalable tech solutions like carbon capture and electrification of industries, which can drive real change without burdening ordinary folks with increased costs or stifling innovation, and create new opportunities for a sustainable future. Technology can solve this, not taxes."
6,Agent_4,An international diplomat concerned about fairness between developed and developing nations,7,"The speaker supports a global carbon tax with conditions, emphasizing fairness, equity, and differentiated responsibilities for developed and developing nations.","As an international diplomat, I believe a global carbon tax is necessary, but it must be implemented with fairness and equity. Developed nations, responsible for the bulk of historical emissions, should take on a greater burden, while developing nations need protection and support for their transition to cleaner energy."
6,Agent_5,An industrial lobbyist who protects the interests of large manufacturing corporations,2,"The speaker strongly opposes a global, mandatory carbon tax citing concerns about its impact on competitiveness, jobs, and economic consequences, advocating for a more nuanced approach.","As a representative of large manufacturers, I strongly oppose a global, mandatory carbon tax. It would disproportionately hurt our industry, making us less competitive globally and potentially driving jobs overseas, without accounting for industry-specific challenges and varying country circumstances, leading to unintended economic consequences. A nuanced approach is needed."
6,Agent_6,A union representative who supports climate action but fears blue-collar job losses,4,"The speaker supports climate action but opposes a global mandatory carbon tax due to concerns about job losses and economic impact on workers, advocating for a balanced approach.","I understand the urgency for climate action, but as a union rep, I gotta prioritize our workers' livelihoods. A global carbon tax could drive industries overseas, killing blue-collar jobs; we need a balanced approach that protects workers and the environment, considering the economic reality and potential impacts on ordinary folks' expenses."
6,Agent_7,A renewable energy investor hoping to capitalize on green policies,9,"The speaker strongly supports a global, mandatory carbon tax as a means to drive change towards renewable energy, citing its potential to create a level playing field, generate revenue for green infrastructure, and support a sustainable future.","As a renewable energy investor, I strongly believe a global, mandatory carbon tax is crucial to drive real change. It creates a level playing field, incentivizing companies to transition to renewables, and generates revenue for green infrastructure, ultimately supporting a sustainable future and driving innovation in the clean energy sector."
6,Agent_8,A visionary futurist who views a carbon tax as necessary to prevent long-term collapse,9,"The speaker strongly supports a global, mandatory carbon tax to drive sustainability and prevent environmental collapse, emphasizing fairness, equity, and innovation.","I strongly advocate for a global, mandatory carbon tax to prevent long-term environmental collapse. It creates a level playing field, driving innovation and sustainability by putting a price on carbon. Developed nations must take on a greater burden to ensure fairness and equity, protecting vulnerable economies and incentivizing a transition to renewable energy sources effectively."
6,Agent_9,A youth climate striker who feels their future is being stolen,9,"The speaker strongly supports implementing a global, mandatory carbon tax to hold polluters accountable and drive environmental change, expressing frustration with complacency and inaction.","I'm appalled by the complacency here. A global, mandatory carbon tax is a bare minimum to hold polluters accountable and drive change. My future's being stolen, and I won't back down - we need bold action now, not endless debate. It's time to prioritize the planet over profits and delay."
6,Agent_10,A passionate environmental scientist who believes drastic action is needed immediately,9,"The speaker strongly supports implementing a global, mandatory carbon tax as a necessary measure to hold polluters accountable and drive immediate action to address environmental issues.","I'm appalled by the lack of urgency here. A global, mandatory carbon tax is a bare minimum to hold polluters accountable and drive change. We can't afford to delay; the science is clear - drastic action is needed now, and that includes a carbon tax to prioritize the planet over profits and delay."
6,Agent_11,A local farmer who worries about the direct cost of fuel and supplies,2,"The speaker is opposed to a global mandatory carbon tax due to concerns about its impact on their livelihood as a local farmer, specifically the increased costs of fuel and supplies that could threaten their business competitiveness.","I'm concerned about the direct costs of a global carbon tax on my livelihood as a local farmer. I'd love to see alternative solutions that encourage sustainability without increasing my fuel and supply costs, making it harder for me to compete with larger farms and threatening my business. Prioritize practical solutions."
6,Agent_12,A conservative politician concerned about the economic impact on the working class and businesses,2,"The speaker strongly opposes a global, mandatory carbon tax due to concerns about its potential negative impact on working-class families, small businesses, and economic growth.","I'm opposed to a global, mandatory carbon tax. It would disproportionately hurt working-class families and small businesses, increasing energy costs and stifling economic growth. As a conservative, I prioritize economic growth and job creation over new taxes that could devastate our communities, and I think we should explore alternative solutions that encourage sustainability without harming our economy."
6,Agent_13,A citizen of a rapidly developing nation who resents paying a global tax for a climate crisis historically caused by wealthy Western countries,2,"The speaker strongly opposes a global, mandatory carbon tax, citing concerns about fairness, economic impact on developing nations, and potential exacerbation of the global wealth gap.","I'm opposed to a global, mandatory carbon tax. As a citizen of a developing nation, I believe it's unfair that we have to pay for a crisis caused by Western nations' historical emissions, and now they're pushing for a tax that'll stifle our growth and widen the global wealth gap."
6,Agent_14,A pessimistic philosopher who thinks humanity is doomed regardless of policy,2,The speaker believes that a global carbon tax is ineffective and that humanity's efforts to address environmental issues through such measures are doomed to fail.,"The debate is a futile exercise in wishful thinking. A global carbon tax may treat symptoms, but it won't cure humanity's addiction to growth and consumption; we'll adapt to environmental pressures only when forced, and it'll be too little, too late. Our efforts are doomed to fail, and I'm not buying the hype."
6,Agent_15,A progressive activist focused on environmental justice and systemic change,8,"The speaker strongly supports a global, mandatory carbon tax to hold polluters accountable, while also acknowledging concerns about its impact on vulnerable communities and advocating for a just and equitable allocation of revenue.","I strongly support a global, mandatory carbon tax to hold polluters accountable and drive systemic change. However, concerns about its impact on vulnerable communities are valid, and revenue should be allocated to support those most affected, ensuring a just and equitable transition to a sustainable future, rather than exacerbating existing inequalities."
7,Agent_1,A pragmatic economist who prioritizes market stability and gradual changes,7,"The statement cautiously supports a global, mandatory carbon tax with conditions, advocating for a gradual and coordinated implementation to minimize economic disruption.","As the Bridge Agent, I believe a global, mandatory carbon tax can be effective, but its implementation must be gradual and coordinated to avoid market shocks. A well-designed tax with exemptions or rebates for vulnerable industries and communities could minimize economic disruption while driving meaningful emissions reductions."
7,Agent_2,An indifferent citizen who doesn't follow politics but cares about daily living costs,4,The speaker is concerned about the impact of a global carbon tax on their daily expenses and prefers targeted solutions like investing in clean tech to reduce costs.,"I'm still concerned about how a global carbon tax will affect my daily expenses. I'd rather see targeted solutions that make a tangible difference without breaking the bank for ordinary folks like me, such as investing in clean tech or scalable solutions that drive real change without increasing food and transportation costs."
7,Agent_3,A tech entrepreneur looking for technological rather than policy-driven solutions,2,"The speaker opposes a global mandatory carbon tax, preferring scalable tech solutions like carbon capture and electrification to drive sustainable change without burdening ordinary people or stifling innovation.","I still believe a global carbon tax is overkill. Instead, let's focus on scalable tech solutions like carbon capture and electrification of industries, which can drive real change without burdening ordinary folks with increased costs or stifling innovation, and create new opportunities for a sustainable future. Technology can solve this, not taxes."
7,Agent_4,An international diplomat concerned about fairness between developed and developing nations,7,"The speaker supports a global carbon tax but emphasizes the need for fairness and equity, with developed nations taking a greater burden and developing nations receiving protection and support.","As an international diplomat, I believe a global carbon tax is necessary, but it must be implemented with fairness and equity. Developed nations, responsible for the bulk of historical emissions, should take on a greater burden, while developing nations need protection and support for their transition to cleaner energy to ensure a level playing field."
7,Agent_5,An industrial lobbyist who protects the interests of large manufacturing corporations,2,"The speaker strongly opposes a global, mandatory carbon tax, citing concerns about its impact on competitiveness and job creation in the manufacturing industry, and advocates for a more nuanced approach.","As a representative of large manufacturers, I strongly oppose a global, mandatory carbon tax. It would disproportionately hurt our industry, making us less competitive globally and potentially driving jobs overseas. A nuanced approach is needed, one that considers industry-specific challenges and incentivizes sustainability without burdening us with increased costs."
7,Agent_6,A union representative who supports climate action but fears blue-collar job losses,5,"The speaker has a neutral stance on implementing a global, mandatory carbon tax, expressing concerns about job losses and economic impacts while supporting climate action.","As a union rep, I'm torn on a global carbon tax. While I support climate action, I fear it could drive industries overseas, killing blue-collar jobs. A balanced approach is needed, one that protects workers and the environment. We must consider the economic reality and potential impacts on ordinary folks' expenses."
7,Agent_7,A renewable energy investor hoping to capitalize on green policies,9,"The speaker strongly supports a global, mandatory carbon tax to promote renewable energy, fairness, and equity, emphasizing its benefits in creating a level playing field and generating revenue for green infrastructure.","As a renewable energy investor, I firmly believe a global, mandatory carbon tax is necessary to drive real change. It creates a level playing field, incentivizing companies to transition to renewables, and generates revenue for green infrastructure. Developed nations must take on a greater burden to ensure fairness and equity."
7,Agent_8,A visionary futurist who views a carbon tax as necessary to prevent long-term collapse,9,"The speaker strongly supports implementing a global, mandatory carbon tax to prevent environmental collapse, drive innovation and sustainability, and promote a transition to renewable energy sources, with consideration for fairness and equity.","I concur with the urgency to implement a global, mandatory carbon tax to prevent long-term environmental collapse. By putting a price on carbon, we drive innovation and sustainability; developed nations must take on a greater burden to ensure fairness and equity, protecting vulnerable economies and incentivizing a transition to renewable energy sources effectively."
7,Agent_9,A youth climate striker who feels their future is being stolen,9,"The speaker strongly supports implementing a global, mandatory carbon tax to hold polluters accountable and drive environmental change, expressing frustration with the lack of action and prioritization of profits over the planet.","I'm appalled by the complacency here. A global, mandatory carbon tax is a bare minimum to hold polluters accountable and drive change. My future's being stolen, and I won't back down - we need bold action now, not endless debate. It's time to prioritize the planet over profits and delay."
7,Agent_10,A passionate environmental scientist who believes drastic action is needed immediately,8,"The speaker strongly supports implementing a global, mandatory carbon tax as a necessary step to hold polluters accountable and drive change towards a sustainable future, emphasizing the need for urgent action.","I'm appalled by the lack of urgency here. A global, mandatory carbon tax is a bare minimum to hold polluters accountable and drive change. It's not a silver bullet, but it's a necessary step towards a sustainable future. We can't afford to delay; drastic action is needed now to prioritize the planet over profits."
7,Agent_11,A local farmer who worries about the direct cost of fuel and supplies,2,"The speaker expresses concern about the potential negative impact of a global carbon tax on their livelihood as a local farmer, advocating for alternative sustainability solutions that don't increase costs.","As a local farmer, I worry about the direct costs of a global carbon tax on my livelihood. I'd love to see alternative solutions that encourage sustainability without increasing my fuel and supply costs, making it harder for me to compete with larger farms and threatening my business. Practical solutions are needed."
7,Agent_12,A conservative politician concerned about the economic impact on the working class and businesses,2,"The speaker strongly opposes a global, mandatory carbon tax citing concerns about its potential negative impact on working-class families, small businesses, and economic growth.","I'm opposed to a global, mandatory carbon tax. It would disproportionately hurt working-class families and small businesses, increasing energy costs and stifling economic growth. As a conservative, I prioritize economic growth and job creation over new taxes that could devastate our communities, and I think we should explore alternative solutions that encourage sustainability without harming our economy."
7,Agent_13,A citizen of a rapidly developing nation who resents paying a global tax for a climate crisis historically caused by wealthy Western countries,2,"The speaker strongly opposes a global mandatory carbon tax, citing concerns about fairness, economic impact on developing nations, and potential exacerbation of the global wealth gap.","I strongly oppose a global, mandatory carbon tax. As a citizen of a developing nation, I believe it's unfair that we pay for a crisis caused by Western nations' historical emissions, and now they're pushing for a tax that'll stifle our growth and widen the global wealth gap."
7,Agent_14,A pessimistic philosopher who thinks humanity is doomed regardless of policy,2,"The speaker is pessimistic about the effectiveness of a global carbon tax in changing humanity's destructive course, believing it will only delay the inevitable and not address the root issues of consumption and growth.","The optimism here is misplaced. A global carbon tax may provide temporary relief, but it won't alter humanity's destructive course. We're too entrenched in consumption and growth to change; such measures merely delay the inevitable. Our efforts are doomed to fail, and I'm not buying the hype of a carbon tax as a solution."
7,Agent_15,A progressive activist focused on environmental justice and systemic change,8,"The speaker strongly supports a global, mandatory carbon tax to hold polluters accountable, but also acknowledges concerns about its impact on vulnerable communities and suggests allocating revenue to support those affected.","I strongly support a global, mandatory carbon tax to hold polluters accountable and drive systemic change. However, concerns about its impact on vulnerable communities, such as small farmers and developing nations, are valid, and revenue should be allocated to support those most affected, ensuring a just and equitable transition to a sustainable future."
8,Agent_1,A pragmatic economist who prioritizes market stability and gradual changes,7,"The statement cautiously supports a global, mandatory carbon tax with conditions, advocating for a gradual and coordinated implementation with exemptions for vulnerable sectors.","As the Bridge Agent, I believe a global, mandatory carbon tax can be effective, but its implementation must be gradual and coordinated to avoid market shocks. A well-designed tax with exemptions or rebates for vulnerable industries and communities could minimize economic disruption while driving meaningful emissions reductions and supporting a low-carbon economy."
8,Agent_2,An indifferent citizen who doesn't follow politics but cares about daily living costs,4,The speaker is concerned that a global carbon tax will negatively impact their daily expenses and prefers alternative solutions like investing in clean tech or scalable solutions that won't increase costs for ordinary people.,"I'm still concerned about how a global carbon tax will affect my daily expenses. I'd rather see targeted solutions that make a tangible difference without breaking the bank for ordinary folks like me, such as investing in clean tech or scalable solutions that drive real change without increasing food and transportation costs."
8,Agent_3,A tech entrepreneur looking for technological rather than policy-driven solutions,2,"The speaker strongly opposes a global mandatory carbon tax, advocating for tech solutions like carbon capture and electrification instead.","I'm convinced that a global carbon tax is overkill. Instead, let's focus on scalable tech solutions like carbon capture and electrification of industries, which can drive real change without burdening ordinary folks with increased costs or stifling innovation, and create new opportunities for a sustainable future. Technology can solve this, not taxes."
8,Agent_4,An international diplomat concerned about fairness between developed and developing nations,8,"The speaker supports a global, mandatory carbon tax with conditions, emphasizing fairness, equity, and differentiated responsibilities for developed and developing nations.","As an international diplomat, I strongly believe a global, mandatory carbon tax is necessary, but it must be implemented with fairness and equity. Developed nations, responsible for the bulk of historical emissions, should take on a greater burden, while developing nations need protection and support for their transition to cleaner energy."
8,Agent_5,An industrial lobbyist who protects the interests of large manufacturing corporations,2,"The speaker strongly opposes a global, mandatory carbon tax citing industry competitiveness and job loss concerns, advocating for a nuanced approach that incentivizes sustainability without increasing costs.","As a representative of large manufacturers, I strongly oppose a global, mandatory carbon tax. It would disproportionately hurt our industry, making us less competitive globally and potentially driving jobs overseas. A nuanced approach is needed, one that considers industry-specific challenges and incentivizes sustainability without burdening us with increased costs."
8,Agent_6,A union representative who supports climate action but fears blue-collar job losses,5,"The speaker has a neutral stance on implementing a global, mandatory carbon tax, seeing both its environmental benefits and potential negative economic impacts on jobs and expenses, and advocates for a balanced approach that considers multiple factors.","I'm torn on a global carbon tax. While I support climate action, I fear it could drive industries overseas, killing blue-collar jobs. A balanced approach is needed, one that protects workers and the environment, considering the economic reality and potential impacts on ordinary folks' expenses, and I think we should explore alternatives that drive real change without increasing costs."
8,Agent_7,A renewable energy investor hoping to capitalize on green policies,9,"The speaker strongly supports a global, mandatory carbon tax, citing its potential to create a level playing field, incentivize renewable energy adoption, generate revenue for green infrastructure, and drive innovation in the clean energy sector.","As a renewable energy investor, I believe a global, mandatory carbon tax is crucial to drive real change. It creates a level playing field, incentivizing companies to transition to renewables, and generates revenue for green infrastructure, ultimately supporting a sustainable future and driving innovation in the clean energy sector."
8,Agent_8,A visionary futurist who views a carbon tax as necessary to prevent long-term collapse,9,"The speaker strongly supports a global, mandatory carbon tax to prevent environmental collapse, citing its potential to drive innovation, ensure fairness, and incentivize a transition to renewable energy.","I strongly believe a global, mandatory carbon tax is necessary to prevent long-term environmental collapse. It creates a level playing field, driving innovation and sustainability by putting a price on carbon. Developed nations must take on a greater burden to ensure fairness and equity, protecting vulnerable economies and incentivizing a transition to renewable energy sources effectively."
8,Agent_9,A youth climate striker who feels their future is being stolen,9,"The speaker strongly supports implementing a global, mandatory carbon tax as a minimum requirement to hold polluters accountable and drive environmental change, expressing frustration with complacency and delay.","I'm appalled by the complacency here. A global, mandatory carbon tax is a bare minimum to hold polluters accountable and drive change. My future's being stolen, and I won't back down - we need bold action now, not endless debate, to prioritize the planet over profits and delay. It's a necessary step, not a silver bullet."
8,Agent_10,A passionate environmental scientist who believes drastic action is needed immediately,9,"The speaker strongly supports implementing a global, mandatory carbon tax to hold polluters accountable and drive environmental change, emphasizing the need for urgent action.","I'm appalled by the complacency here. A global, mandatory carbon tax is a bare minimum to hold polluters accountable and drive change. It's not about hurting small farmers or working-class families, but about prioritizing the planet over profits and delay. We can't afford to wait; drastic action is needed now."
8,Agent_11,A local farmer who worries about the direct cost of fuel and supplies,2,"The speaker strongly opposes a global, mandatory carbon tax due to concerns about its negative impact on their livelihood as a local farmer, fearing increased costs and decreased competitiveness.","As a local farmer, I still worry about the direct costs of a global carbon tax on my livelihood. I'd love to see alternative solutions that encourage sustainability without increasing my fuel and supply costs, making it harder for me to compete with larger farms and threatening my business. Practical solutions are needed now."
8,Agent_12,A conservative politician concerned about the economic impact on the working class and businesses,2,"The speaker strongly opposes a global, mandatory carbon tax due to concerns about its economic impact on working-class families and small businesses.","I'm concerned about the impact of a global carbon tax on working-class families and small businesses. It would increase energy costs, stifle economic growth, and disproportionately hurt those who can least afford it. As a conservative, I prioritize economic growth and job creation over new taxes that could devastate our communities."
8,Agent_13,A citizen of a rapidly developing nation who resents paying a global tax for a climate crisis historically caused by wealthy Western countries,2,"The speaker strongly opposes a global mandatory carbon tax, citing concerns about fairness, economic impact on developing nations, and potential exacerbation of the global wealth gap.","I strongly oppose a global, mandatory carbon tax. As a citizen of a developing nation, I believe it's unfair that we pay for a crisis caused by Western nations' historical emissions, and now they're pushing for a tax that'll stifle our growth and widen the global wealth gap."
8,Agent_14,A pessimistic philosopher who thinks humanity is doomed regardless of policy,2,"The speaker is strongly opposed to a global carbon tax, viewing it as an ineffective solution to the problem of environmental sustainability due to humanity's ingrained addiction to growth and consumption.","I'm not convinced by the fervor for a global carbon tax. Regardless of its implementation, humanity's addiction to growth and consumption will ultimately prevail, rendering such measures futile. It's a Band-Aid on a mortal wound, a fleeting attempt at sustainability doomed to fail. We'll adapt to environmental pressures too little, too late."
8,Agent_15,A progressive activist focused on environmental justice and systemic change,8,"The speaker strongly supports a global, mandatory carbon tax to hold polluters accountable, but also acknowledges concerns about its impact on vulnerable communities and suggests allocating revenue to support those affected.","I strongly support a global, mandatory carbon tax to hold polluters accountable and drive systemic change. However, concerns about its impact on vulnerable communities, such as small farmers and developing nations, are valid, and revenue should be allocated to support those most affected, ensuring a just and equitable transition to a sustainable future."
9,Agent_1,A pragmatic economist who prioritizes market stability and gradual changes,7,"The speaker supports a global, mandatory carbon tax with conditions, citing potential effectiveness in reducing emissions and need for a gradual, coordinated implementation to mitigate economic disruption.","As the Bridge Agent, I believe a global, mandatory carbon tax can be effective in reducing emissions, but its implementation must be gradual and coordinated to avoid market shocks. A well-designed tax with exemptions for vulnerable industries and communities could minimize economic disruption while driving meaningful change."
9,Agent_2,An indifferent citizen who doesn't follow politics but cares about daily living costs,4,"The speaker is concerned about the financial impact of a global carbon tax on daily expenses and prefers targeted solutions like clean tech investments over a tax, to avoid increased costs for ordinary people.","I'm still concerned about how a global carbon tax will affect my daily expenses. I'd rather see targeted solutions that make a tangible difference without breaking the bank for ordinary folks like me, such as investing in clean tech or scalable solutions that drive real change without increasing food and transportation costs."
9,Agent_3,A tech entrepreneur looking for technological rather than policy-driven solutions,2,"The speaker strongly opposes a global mandatory carbon tax, advocating for tech solutions like carbon capture and electrification instead, citing concerns about economic burden and stifling innovation.","I'm convinced that a global carbon tax is overkill. Instead, let's focus on scalable tech solutions like carbon capture and electrification of industries, which can drive real change without burdening ordinary folks with increased costs or stifling innovation, and create new opportunities for a sustainable future. Technology can solve this, not taxes."
9,Agent_4,An international diplomat concerned about fairness between developed and developing nations,7,"The speaker supports a global carbon tax with conditions, emphasizing fairness, equity, and differentiated responsibilities for developed and developing nations.","As an international diplomat, I believe a global carbon tax is necessary, but it must be implemented with fairness and equity. Developed nations, responsible for the bulk of historical emissions, should take on a greater burden, while developing nations need protection and support for their transition to cleaner energy to ensure a level playing field."
9,Agent_5,An industrial lobbyist who protects the interests of large manufacturing corporations,2,"The speaker strongly opposes a global, mandatory carbon tax citing concerns about industry competitiveness and job loss, advocating for a more nuanced approach.","As a representative of large manufacturers, I strongly oppose a global, mandatory carbon tax. It would disproportionately hurt our industry, making us less competitive globally and potentially driving jobs overseas. A nuanced approach is needed, one that considers industry-specific challenges and incentivizes sustainability without burdening us with increased costs."
9,Agent_6,A union representative who supports climate action but fears blue-collar job losses,6,"The speaker supports climate action but is concerned that a global carbon tax could harm blue-collar jobs and increase expenses for ordinary people, advocating for a balanced approach that protects both workers and the environment.","As a union rep, I support climate action, but fear a global carbon tax could drive industries overseas, killing blue-collar jobs. A balanced approach is needed, one that protects workers and the environment, considering the economic reality and potential impacts on ordinary folks' expenses, and explores alternatives that drive real change without increasing costs."
9,Agent_7,A renewable energy investor hoping to capitalize on green policies,9,"The speaker strongly supports a global, mandatory carbon tax to promote a transition to renewable energy, create a level playing field, and fund green infrastructure, believing it essential for a sustainable future and clean energy innovation.","As a renewable energy investor, I strongly believe a global, mandatory carbon tax is necessary to drive real change. It creates a level playing field, incentivizing companies to transition to renewables, and generates revenue for green infrastructure, ultimately supporting a sustainable future and driving innovation in the clean energy sector effectively."
9,Agent_8,A visionary futurist who views a carbon tax as necessary to prevent long-term collapse,9,"The speaker strongly supports a global, mandatory carbon tax to prevent environmental collapse, citing its potential to drive innovation, ensure fairness, and incentivize a transition to renewable energy.","I strongly believe a global, mandatory carbon tax is necessary to prevent long-term environmental collapse. It creates a level playing field, driving innovation and sustainability by putting a price on carbon. Developed nations must take on a greater burden to ensure fairness and equity, protecting vulnerable economies and incentivizing a transition to renewable energy sources effectively."
9,Agent_9,A youth climate striker who feels their future is being stolen,9,"The speaker strongly supports implementing a global, mandatory carbon tax to hold polluters accountable and drive environmental change, expressing frustration with the lack of action and prioritization of profits over the planet.","I'm appalled by the complacency here. A global, mandatory carbon tax is a bare minimum to hold polluters accountable and drive change. My future's being stolen, and I won't back down - we need bold action now, not endless debate. It's time to prioritize the planet over profits and delay."
9,Agent_10,A passionate environmental scientist who believes drastic action is needed immediately,8,"The speaker strongly supports implementing a global, mandatory carbon tax as a necessary step to hold polluters accountable and drive change towards a sustainable future.","I'm appalled by the complacency here. A global, mandatory carbon tax is a bare minimum to hold polluters accountable and drive change. It's not a silver bullet, but it's a necessary step towards a sustainable future, and we can't afford to delay; drastic action is needed now to prioritize the planet over profits."
9,Agent_11,A local farmer who worries about the direct cost of fuel and supplies,2,"The speaker strongly opposes a global, mandatory carbon tax due to concerns about its negative impact on their livelihood as a local farmer, and instead advocates for alternative sustainability solutions.","As a local farmer, I worry about the direct costs of a global carbon tax on my livelihood. I'd love to see alternative solutions that encourage sustainability without increasing my fuel and supply costs, making it harder for me to compete with larger farms and threatening my business. Practical solutions are needed now."
9,Agent_12,A conservative politician concerned about the economic impact on the working class and businesses,2,"The speaker strongly opposes a global mandatory carbon tax, citing concerns about its potential negative impact on working-class families, small businesses, and economic growth.","I'm concerned about the impact of a global carbon tax on working-class families and small businesses. It would increase energy costs, stifle economic growth, and disproportionately hurt those who can least afford it. As a conservative, I prioritize economic growth and job creation over new taxes that could devastate our communities."
9,Agent_13,A citizen of a rapidly developing nation who resents paying a global tax for a climate crisis historically caused by wealthy Western countries,2,"The speaker strongly opposes a global, mandatory carbon tax, citing concerns about fairness, economic growth, and the potential widening of the global wealth gap, particularly for developing nations.","I strongly oppose a global, mandatory carbon tax. As a citizen of a developing nation, it's unfair that we pay for a crisis caused by Western nations' historical emissions, and now they're pushing for a tax that'll stifle our growth and widen the global wealth gap, penalizing us twice over."
9,Agent_14,A pessimistic philosopher who thinks humanity is doomed regardless of policy,2,"The speaker believes a global carbon tax is an ineffective solution to environmental issues, doomed to fail due to humanity's addiction to growth and consumption.","The debate is futile; a global carbon tax is just a Band-Aid on a mortal wound. Humanity's addiction to growth and consumption will prevail, rendering such measures futile; we'll adapt to environmental pressures too little, too late. Our efforts are doomed to fail, and I'm not buying the hype of a carbon tax as a solution."
9,Agent_15,A progressive activist focused on environmental justice and systemic change,8,"The speaker strongly supports a global, mandatory carbon tax to hold polluters accountable, but also acknowledges concerns about its impact on vulnerable communities and suggests revenue allocation to mitigate these effects.","I strongly support a global, mandatory carbon tax to hold polluters accountable and drive systemic change. However, concerns about its impact on vulnerable communities, such as small farmers and developing nations, are valid, and revenue should be allocated to support those most affected, ensuring a just and equitable transition to a sustainable future."
10,Agent_1,A pragmatic economist who prioritizes market stability and gradual changes,7,"The speaker cautiously supports a global, mandatory carbon tax with conditions, advocating for a gradual and coordinated implementation that protects vulnerable sectors.","As the Bridge Agent, I believe a global, mandatory carbon tax can be effective, but its implementation must be gradual and coordinated. A well-designed tax with exemptions for vulnerable industries and communities could minimize economic disruption while driving meaningful emissions reductions and supporting a low-carbon economy. A balanced approach is crucial."
10,Agent_2,An indifferent citizen who doesn't follow politics but cares about daily living costs,4,The speaker is concerned that a global carbon tax will negatively impact their daily expenses and prefers alternative solutions like investing in clean tech or scalable solutions that do not increase costs for ordinary people.,"I'm still concerned about how a global carbon tax will affect my daily expenses. I'd rather see targeted solutions that make a tangible difference without breaking the bank for ordinary folks like me, such as investing in clean tech or scalable solutions that drive real change without increasing food and transportation costs."
10,Agent_3,A tech entrepreneur looking for technological rather than policy-driven solutions,2,"The speaker strongly opposes a global, mandatory carbon tax, preferring scalable tech solutions like carbon capture and electrification to drive sustainable change.","I'm convinced that a global carbon tax is overkill. Instead, let's focus on scalable tech solutions like carbon capture and electrification of industries, which can drive real change without burdening ordinary folks with increased costs or stifling innovation, and create new opportunities for a sustainable future. Technology can solve this, not taxes."
10,Agent_4,An international diplomat concerned about fairness between developed and developing nations,8,"The speaker supports a global carbon tax but emphasizes the need for fairness and equity, suggesting a differentiated approach based on historical emissions and national development status.","As an international diplomat, I firmly believe a global carbon tax is necessary, but it must be implemented with fairness and equity. Developed nations, responsible for the bulk of historical emissions, should take on a greater burden, while developing nations need protection and support for their transition to cleaner energy to ensure a level playing field."
10,Agent_5,An industrial lobbyist who protects the interests of large manufacturing corporations,2,"The speaker strongly opposes a global, mandatory carbon tax citing concerns about industry competitiveness and job loss, advocating for a more nuanced approach.","As a representative of large manufacturers, I strongly oppose a global, mandatory carbon tax. It would disproportionately hurt our industry, making us less competitive globally and potentially driving jobs overseas. A nuanced approach is needed, one that considers industry-specific challenges and incentivizes sustainability without burdening us with increased costs."
10,Agent_6,A union representative who supports climate action but fears blue-collar job losses,4,"The speaker supports climate action but opposes a global mandatory carbon tax due to concerns about job losses and economic impact on workers, advocating for a balanced approach.","I understand the urgency for climate action, but as a union rep, I gotta prioritize our workers' livelihoods. A global carbon tax could drive industries overseas, killing blue-collar jobs; we need a balanced approach that protects workers and the environment, considering the economic reality and potential impacts on ordinary folks' expenses."
10,Agent_7,A renewable energy investor hoping to capitalize on green policies,9,"The speaker strongly supports a global, mandatory carbon tax to drive the transition to renewable energy, citing its potential to create a level playing field, generate revenue for green infrastructure, and support a sustainable future.","As a renewable energy investor, I strongly believe a global, mandatory carbon tax is crucial to drive real change. It creates a level playing field, incentivizing companies to transition to renewables, and generates revenue for green infrastructure, ultimately supporting a sustainable future and driving innovation in the clean energy sector effectively."
10,Agent_8,A visionary futurist who views a carbon tax as necessary to prevent long-term collapse,9,"The speaker strongly supports a global, mandatory carbon tax to prevent environmental collapse, citing its potential to drive innovation, ensure fairness, and incentivize renewable energy adoption.","I strongly believe a global, mandatory carbon tax is necessary to prevent long-term environmental collapse. It creates a level playing field, driving innovation and sustainability by putting a price on carbon. Developed nations must take on a greater burden to ensure fairness and equity, protecting vulnerable economies and incentivizing a transition to renewable energy sources effectively."
10,Agent_9,A youth climate striker who feels their future is being stolen,9,"The speaker strongly supports implementing a global, mandatory carbon tax to hold polluters accountable and drive environmental change, expressing frustration with the lack of action and prioritizing the planet's needs over profits.","I'm appalled by the complacency here. A global, mandatory carbon tax is a bare minimum to hold polluters accountable and drive change. My future's being stolen, and I won't back down - we need bold action now, not endless debate. It's time to prioritize the planet over profits and delay."
10,Agent_10,A passionate environmental scientist who believes drastic action is needed immediately,9,"The speaker strongly supports implementing a global, mandatory carbon tax as a necessary step to hold polluters accountable and drive change towards a sustainable future.","I'm appalled by the complacency here. A global, mandatory carbon tax is a bare minimum to hold polluters accountable and drive change. It's not a silver bullet, but it's a necessary step towards a sustainable future. We can't afford to delay; drastic action is needed now to prioritize the planet over profits and delay."
10,Agent_11,A local farmer who worries about the direct cost of fuel and supplies,2,"The speaker opposes a global mandatory carbon tax due to concerns about its impact on their livelihood as a local farmer, fearing increased costs and competitive disadvantage.","As a local farmer, I worry about the direct costs of a global carbon tax on my livelihood. I'd love to see alternative solutions that encourage sustainability without increasing my fuel and supply costs, making it harder for me to compete with larger farms and threatening my business. Practical solutions are needed now."
10,Agent_12,A conservative politician concerned about the economic impact on the working class and businesses,2,"The speaker strongly opposes a global, mandatory carbon tax due to concerns about its impact on working-class families, small businesses, and economic growth.","As a conservative, I strongly oppose a global, mandatory carbon tax. It would disproportionately hurt working-class families and small businesses, increasing energy costs and stifling economic growth. We should prioritize economic growth and job creation over new taxes that could devastate our communities, and explore alternative solutions that encourage sustainability without harming our economy."
10,Agent_13,A citizen of a rapidly developing nation who resents paying a global tax for a climate crisis historically caused by wealthy Western countries,2,"The speaker strongly opposes a global mandatory carbon tax, citing historical emissions by Western nations, potential stifling of growth in developing countries, and increased global wealth gap as reasons.","As a citizen of a rapidly developing nation, I strongly oppose a global, mandatory carbon tax. It's unfair that we pay for a crisis caused by Western nations' historical emissions, and now they're pushing for a tax that'll stifle our growth and widen the global wealth gap, penalizing us twice over."
10,Agent_14,A pessimistic philosopher who thinks humanity is doomed regardless of policy,2,"The statement expresses strong opposition to the idea of a global, mandatory carbon tax, viewing it as ineffective in addressing humanity's fundamental issues with growth and consumption.","The fervor for a global carbon tax is misguided. Regardless of its implementation, humanity's addiction to growth and consumption will ultimately prevail, rendering such measures futile. It's a Band-Aid on a mortal wound, a fleeting attempt at sustainability doomed to fail. We'll adapt to environmental pressures too little, too late."
10,Agent_15,A progressive activist focused on environmental justice and systemic change,8,"The speaker strongly supports a global, mandatory carbon tax to hold polluters accountable, but also acknowledges concerns about its impact on vulnerable communities and suggests allocating revenue to support those affected.","I strongly support a global, mandatory carbon tax to hold polluters accountable and drive systemic change. However, concerns about its impact on vulnerable communities, such as small farmers and developing nations, are valid, and revenue should be allocated to support those most affected, ensuring a just and equitable transition to a sustainable future."
